,JAN,FEB,MAR,APR,MAY,JUN,JUL,AUG,SEP,OCT,NOV,DEC
1901,1903-JAN-12.70,1903-FEB-144.00,1903-MAR-0.00,1903-APR-1.00,1903-MAY-235.10,1903-JUN-479.90,1903-JUL-728.40,1903-AUG-326.70,1903-SEP-339.00,1903-OCT-181.20,1903-NOV-284.40,1903-DEC-225.00
1902,1904-JAN-9.40,1904-FEB-14.70,1904-MAR-0.00,1904-APR-202.40,1904-MAY-304.50,1904-JUN-495.10,1904-JUL-502.00,1904-AUG-160.10,1904-SEP-820.40,1904-OCT-222.20,1904-NOV-308.70,1904-DEC-40.10
1903,1905-JAN-1.30,1905-FEB-0.00,1905-MAR-3.30,1905-APR-26.90,1905-MAY-279.50,1905-JUN-628.70,1905-JUL-368.70,1905-AUG-330.50,1905-SEP-297.00,1905-OCT-260.70,1905-NOV-25.40,1905-DEC-344.70
1904,1906-JAN-36.60,1906-FEB-0.00,1906-MAR-0.00,1906-APR-0.00,1906-MAY-556.10,1906-JUN-733.30,1906-JUL-247.70,1906-AUG-320.50,1906-SEP-164.30,1906-OCT-267.80,1906-NOV-128.90,1906-DEC-79.20
1905,1907-JAN-110.70,1907-FEB-0.00,1907-MAR-113.30,1907-APR-21.60,1907-MAY-616.30,1907-JUN-305.20,1907-JUL-443.90,1907-AUG-377.60,1907-SEP-200.40,1907-OCT-264.40,1907-NOV-648.90,1907-DEC-245.60
1906,1908-JAN-20.90,1908-FEB-85.10,1908-MAR-0.00,1908-APR-29.00,1908-MAY-562.00,1908-JUN-693.60,1908-JUL-481.40,1908-AUG-699.90,1908-SEP-428.80,1908-OCT-170.70,1908-NOV-208.10,1908-DEC-196.90
1907,1909-JAN-nan,1909-FEB-nan,1909-MAR-nan,1909-APR-nan,1909-MAY-nan,1909-JUN-nan,1909-JUL-nan,1909-AUG-nan,1909-SEP-nan,1909-OCT-nan,1909-NOV-nan,1909-DEC-nan
1908,1910-JAN-26.60,1910-FEB-22.70,1910-MAR-206.30,1910-APR-89.30,1910-MAY-224.50,1910-JUN-472.70,1910-JUL-264.30,1910-AUG-337.40,1910-SEP-626.60,1910-OCT-208.20,1910-NOV-267.30,1910-DEC-153.50
1909,1911-JAN-0.00,1911-FEB-8.40,1911-MAR-0.00,1911-APR-122.50,1911-MAY-327.30,1911-JUN-649.00,1911-JUL-253.00,1911-AUG-187.10,1911-SEP-464.50,1911-OCT-333.80,1911-NOV-94.50,1911-DEC-247.10
1910,1912-JAN-583.70,1912-FEB-0.80,1912-MAR-0.00,1912-APR-21.90,1912-MAY-140.70,1912-JUN-549.80,1912-JUL-468.90,1912-AUG-370.30,1912-SEP-386.20,1912-OCT-318.70,1912-NOV-117.20,1912-DEC-2.30
1911,1913-JAN-84.80,1913-FEB-0.50,1913-MAR-1.30,1913-APR-2.50,1913-MAY-190.70,1913-JUN-530.00,1913-JUL-280.80,1913-AUG-205.80,1913-SEP-580.10,1913-OCT-288.80,1913-NOV-133.00,1913-DEC-67.50
1912,1914-JAN-0.00,1914-FEB-0.00,1914-MAR-0.00,1914-APR-37.70,1914-MAY-298.80,1914-JUN-383.30,1914-JUL-792.80,1914-AUG-520.50,1914-SEP-310.80,1914-OCT-139.80,1914-NOV-184.40,1914-DEC-289.70
1913,1915-JAN-45.00,1915-FEB-56.70,1915-MAR-33.30,1915-APR-40.90,1915-MAY-170.20,1915-JUN-334.70,1915-JUL-269.00,1915-AUG-317.20,1915-SEP-429.80,1915-OCT-468.10,1915-NOV-258.40,1915-DEC-318.00
1914,1916-JAN-0.00,1916-FEB-0.00,1916-MAR-0.00,1916-APR-0.50,1916-MAY-487.40,1916-JUN-450.10,1916-JUL-317.30,1916-AUG-425.00,1916-SEP-561.20,1916-OCT-369.70,1916-NOV-192.60,1916-DEC-133.70
1915,1917-JAN-8.00,1917-FEB-3.60,1917-MAR-112.00,1917-APR-4.50,1917-MAY-295.90,1917-JUN-301.10,1917-JUL-394.80,1917-AUG-437.40,1917-SEP-471.80,1917-OCT-238.10,1917-NOV-108.30,1917-DEC-236.90
1916,1918-JAN-77.40,1918-FEB-6.90,1918-MAR-11.40,1918-APR-10.70,1918-MAY-729.30,1918-JUN-710.80,1918-JUL-200.90,1918-AUG-455.40,1918-SEP-303.30,1918-OCT-227.00,1918-NOV-366.90,1918-DEC-175.00
1917,1919-JAN-10.20,1919-FEB-18.00,1919-MAR-0.00,1919-APR-35.50,1919-MAY-283.90,1919-JUN-542.50,1919-JUL-246.50,1919-AUG-259.80,1919-SEP-170.70,1919-OCT-186.20,1919-NOV-340.40,1919-DEC-258.40
1918,1920-JAN-122.30,1920-FEB-7.40,1920-MAR-3.10,1920-APR-13.00,1920-MAY-237.40,1920-JUN-546.90,1920-JUL-294.40,1920-AUG-467.40,1920-SEP-505.40,1920-OCT-397.50,1920-NOV-262.90,1920-DEC-85.50
1919,1921-JAN-13.20,1921-FEB-3.10,1921-MAR-0.00,1921-APR-37.50,1921-MAY-351.20,1921-JUN-282.70,1921-JUL-487.10,1921-AUG-330.00,1921-SEP-581.20,1921-OCT-360.70,1921-NOV-118.20,1921-DEC-41.50
1920,1922-JAN-245.30,1922-FEB-34.30,1922-MAR-15.60,1922-APR-323.10,1922-MAY-289.70,1922-JUN-506.10,1922-JUL-425.80,1922-AUG-307.40,1922-SEP-511.70,1922-OCT-162.00,1922-NOV-541.00,1922-DEC-192.20
1921,1923-JAN-79.50,1923-FEB-0.00,1923-MAR-nan,1923-APR-91.30,1923-MAY-293.50,1923-JUN-808.40,1923-JUL-636.90,1923-AUG-182.20,1923-SEP-560.50,1923-OCT-131.90,1923-NOV-197.40,1923-DEC-70.60
1922,1924-JAN-28.70,1924-FEB-0.00,1924-MAR-14.80,1924-APR-89.70,1924-MAY-191.20,1924-JUN-261.20,1924-JUL-493.30,1924-AUG-290.90,1924-SEP-251.20,1924-OCT-331.10,1924-NOV-378.60,1924-DEC-nan
1923,1925-JAN-36.60,1925-FEB-0.00,1925-MAR-8.60,1925-APR-50.40,1925-MAY-282.20,1925-JUN-663.80,1925-JUL-241.80,1925-AUG-278.20,1925-SEP-201.90,1925-OCT-249.50,1925-NOV-271.50,1925-DEC-196.00
1924,1926-JAN-122.10,1926-FEB-0.00,1926-MAR-0.00,1926-APR-0.50,1926-MAY-198.40,1926-JUN-370.00,1926-JUL-195.30,1926-AUG-523.70,1926-SEP-719.30,1926-OCT-443.80,1926-NOV-148.40,1926-DEC-560.70
1925,1927-JAN-3.00,1927-FEB-17.50,1927-MAR-17.80,1927-APR-108.60,1927-MAY-504.10,1927-JUN-433.30,1927-JUL-195.20,1927-AUG-370.10,1927-SEP-126.20,1927-OCT-327.50,1927-NOV-274.10,1927-DEC-65.50
1926,1928-JAN-50.90,1928-FEB-67.60,1928-MAR-80.70,1928-APR-129.30,1928-MAY-499.50,1928-JUN-410.20,1928-JUL-406.30,1928-AUG-391.50,1928-SEP-404.80,1928-OCT-444.50,1928-NOV-99.50,1928-DEC-13.50
1927,1929-JAN-74.20,1929-FEB-118.40,1929-MAR-129.20,1929-APR-69.80,1929-MAY-316.60,1929-JUN-588.80,1929-JUL-134.00,1929-AUG-644.70,1929-SEP-172.90,1929-OCT-413.00,1929-NOV-251.50,1929-DEC-13.50
1928,1930-JAN-87.40,1930-FEB-105.40,1930-MAR-131.20,1930-APR-10.90,1930-MAY-231.50,1930-JUN-533.60,1930-JUL-317.90,1930-AUG-446.70,1930-SEP-677.20,1930-OCT-82.30,1930-NOV-249.40,1930-DEC-201.60
1929,1931-JAN-25.30,1931-FEB-0.00,1931-MAR-2.50,1931-APR-2.50,1931-MAY-205.40,1931-JUN-393.50,1931-JUL-289.30,1931-AUG-571.00,1931-SEP-294.40,1931-OCT-368.30,1931-NOV-22.80,1931-DEC-182.70
1930,1932-JAN-2.80,1932-FEB-2.50,1932-MAR-10.10,1932-APR-58.20,1932-MAY-479.70,1932-JUN-nan,1932-JUL-nan,1932-AUG-nan,1932-SEP-nan,1932-OCT-nan,1932-NOV-nan,1932-DEC-nan
1931,1933-JAN-4.50,1933-FEB-11.70,1933-MAR-8.10,1933-APR-58.40,1933-MAY-365.40,1933-JUN-544.20,1933-JUL-376.60,1933-AUG-294.10,1933-SEP-759.00,1933-OCT-239.80,1933-NOV-268.80,1933-DEC-56.90
1932,1934-JAN-7.30,1934-FEB-172.90,1934-MAR-6.90,1934-APR-131.40,1934-MAY-62.00,1934-JUN-708.40,1934-JUL-323.50,1934-AUG-924.90,1934-SEP-761.10,1934-OCT-338.10,1934-NOV-240.20,1934-DEC-46.10
1933,1935-JAN-6.60,1935-FEB-0.00,1935-MAR-0.50,1935-APR-133.60,1935-MAY-726.80,1935-JUN-374.10,1935-JUL-368.70,1935-AUG-411.60,1935-SEP-578.90,1935-OCT-182.40,1935-NOV-275.40,1935-DEC-95.40
1934,1936-JAN-16.50,1936-FEB-15.30,1936-MAR-116.50,1936-APR-nan,1936-MAY-194.30,1936-JUN-498.30,1936-JUL-664.80,1936-AUG-562.90,1936-SEP-383.80,1936-OCT-174.90,1936-NOV-199.20,1936-DEC-212.20
1935,1937-JAN-21.60,1937-FEB-10.70,1937-MAR-0.00,1937-APR-112.00,1937-MAY-330.50,1937-JUN-732.80,1937-JUL-449.50,1937-AUG-332.00,1937-SEP-349.50,1937-OCT-383.30,1937-NOV-251.70,1937-DEC-617.50
1936,1938-JAN-13.40,1938-FEB-57.20,1938-MAR-50.50,1938-APR-101.60,1938-MAY-368.90,1938-JUN-668.60,1938-JUL-318.20,1938-AUG-397.10,1938-SEP-546.70,1938-OCT-318.40,1938-NOV-316.30,1938-DEC-107.50
1937,1939-JAN-54.10,1939-FEB-1.50,1939-MAR-16.10,1939-APR-77.30,1939-MAY-480.50,1939-JUN-541.00,1939-JUL-335.60,1939-AUG-202.80,1939-SEP-512.50,1939-OCT-263.90,1939-NOV-165.90,1939-DEC-131.30
1938,1940-JAN-0.50,1940-FEB-2.80,1940-MAR-59.40,1940-APR-0.00,1940-MAY-320.70,1940-JUN-335.40,1940-JUL-268.10,1940-AUG-889.20,1940-SEP-477.50,1940-OCT-114.10,1940-NOV-221.00,1940-DEC-318.80
1939,1941-JAN-0.00,1941-FEB-12.80,1941-MAR-0.00,1941-APR-77.80,1941-MAY-251.90,1941-JUN-497.00,1941-JUL-302.50,1941-AUG-311.90,1941-SEP-516.00,1941-OCT-382.80,1941-NOV-266.00,1941-DEC-279.50
1940,1942-JAN-39.20,1942-FEB-7.40,1942-MAR-nan,1942-APR-nan,1942-MAY-nan,1942-JUN-nan,1942-JUL-nan,1942-AUG-nan,1942-SEP-nan,1942-OCT-nan,1942-NOV-nan,1942-DEC-nan
1941,1943-JAN-nan,1943-FEB-nan,1943-MAR-nan,1943-APR-nan,1943-MAY-nan,1943-JUN-nan,1943-JUL-nan,1943-AUG-nan,1943-SEP-nan,1943-OCT-nan,1943-NOV-nan,1943-DEC-nan
1942,1944-JAN-nan,1944-FEB-nan,1944-MAR-nan,1944-APR-nan,1944-MAY-nan,1944-JUN-nan,1944-JUL-nan,1944-AUG-nan,1944-SEP-nan,1944-OCT-nan,1944-NOV-nan,1944-DEC-nan
1943,1945-JAN-nan,1945-FEB-nan,1945-MAR-nan,1945-APR-nan,1945-MAY-nan,1945-JUN-nan,1945-JUL-nan,1945-AUG-nan,1945-SEP-nan,1945-OCT-nan,1945-NOV-nan,1945-DEC-nan
1944,1946-JAN-84.40,1946-FEB-3.60,1946-MAR-21.10,1946-APR-135.20,1946-MAY-309.10,1946-JUN-535.90,1946-JUL-189.00,1946-AUG-367.40,1946-SEP-478.30,1946-OCT-276.90,1946-NOV-146.90,1946-DEC-243.80
1945,1947-JAN-25.10,1947-FEB-111.10,1947-MAR-63.20,1947-APR-127.70,1947-MAY-206.30,1947-JUN-965.60,1947-JUL-490.00,1947-AUG-293.70,1947-SEP-nan,1947-OCT-376.00,1947-NOV-67.50,1947-DEC-168.60
1946,1948-JAN-nan,1948-FEB-nan,1948-MAR-nan,1948-APR-nan,1948-MAY-nan,1948-JUN-nan,1948-JUL-nan,1948-AUG-nan,1948-SEP-nan,1948-OCT-nan,1948-NOV-nan,1948-DEC-nan
1947,1949-JAN-0.00,1949-FEB-56.40,1949-MAR-0.00,1949-APR-166.50,1949-MAY-405.80,1949-JUN-658.40,1949-JUL-743.30,1949-AUG-404.00,1949-SEP-627.50,1949-OCT-339.60,1949-NOV-81.10,1949-DEC-7.00
1948,1950-JAN-0.80,1950-FEB-0.00,1950-MAR-0.00,1950-APR-95.50,1950-MAY-264.20,1950-JUN-369.90,1950-JUL-366.70,1950-AUG-347.30,1950-SEP-494.50,1950-OCT-224.60,1950-NOV-89.30,1950-DEC-169.40
1949,1951-JAN-82.70,1951-FEB-7.20,1951-MAR-0.00,1951-APR-45.40,1951-MAY-259.00,1951-JUN-619.90,1951-JUL-665.30,1951-AUG-101.30,1951-SEP-360.90,1951-OCT-489.00,1951-NOV-209.60,1951-DEC-434.80
1950,1952-JAN-0.00,1952-FEB-0.80,1952-MAR-69.70,1952-APR-39.40,1952-MAY-452.90,1952-JUN-657.70,1952-JUL-385.50,1952-AUG-541.30,1952-SEP-240.30,1952-OCT-315.60,1952-NOV-287.50,1952-DEC-89.20
1951,1953-JAN-56.00,1953-FEB-65.30,1953-MAR-20.10,1953-APR-159.40,1953-MAY-241.10,1953-JUN-549.90,1953-JUL-444.40,1953-AUG-262.80,1953-SEP-370.10,1953-OCT-243.60,1953-NOV-246.00,1953-DEC-63.30
1952,1954-JAN-83.80,1954-FEB-2.10,1954-MAR-34.30,1954-APR-58.00,1954-MAY-394.70,1954-JUN-539.40,1954-JUL-510.80,1954-AUG-605.40,1954-SEP-763.80,1954-OCT-247.20,1954-NOV-84.80,1954-DEC-124.70
1953,1955-JAN-57.30,1955-FEB-28.20,1955-MAR-9.90,1955-APR-68.80,1955-MAY-663.60,1955-JUN-651.10,1955-JUL-298.40,1955-AUG-356.90,1955-SEP-341.80,1955-OCT-466.50,1955-NOV-362.90,1955-DEC-44.20
1954,1956-JAN-49.20,1956-FEB-77.20,1956-MAR-33.80,1956-APR-130.30,1956-MAY-491.80,1956-JUN-343.10,1956-JUL-468.40,1956-AUG-467.70,1956-SEP-325.10,1956-OCT-458.70,1956-NOV-164.10,1956-DEC-70.50
1955,1957-JAN-28.00,1957-FEB-19.30,1957-MAR-4.60,1957-APR-19.00,1957-MAY-142.40,1957-JUN-741.90,1957-JUL-316.20,1957-AUG-421.30,1957-SEP-354.30,1957-OCT-299.70,1957-NOV-88.60,1957-DEC-71.90
1956,1958-JAN-22.90,1958-FEB-14.30,1958-MAR-30.40,1958-APR-24.60,1958-MAY-355.10,1958-JUN-530.70,1958-JUL-440.70,1958-AUG-388.40,1958-SEP-350.60,1958-OCT-265.20,1958-NOV-313.80,1958-DEC-70.70
1957,1959-JAN-10.10,1959-FEB-1.80,1959-MAR-31.30,1959-APR-86.70,1959-MAY-238.10,1959-JUN-455.70,1959-JUL-817.10,1959-AUG-409.30,1959-SEP-589.60,1959-OCT-332.70,1959-NOV-242.50,1959-DEC-128.50
1958,1960-JAN-104.20,1960-FEB-72.40,1960-MAR-12.10,1960-APR-53.50,1960-MAY-535.40,1960-JUN-541.50,1960-JUL-308.40,1960-AUG-270.70,1960-SEP-442.40,1960-OCT-400.00,1960-NOV-191.70,1960-DEC-92.80
1959,1961-JAN-82.10,1961-FEB-99.40,1961-MAR-33.20,1961-APR-88.10,1961-MAY-973.10,1961-JUN-383.30,1961-JUL-304.90,1961-AUG-557.10,1961-SEP-612.00,1961-OCT-379.90,1961-NOV-280.60,1961-DEC-144.50
1960,1962-JAN-152.40,1962-FEB-14.90,1962-MAR-17.30,1962-APR-46.40,1962-MAY-310.40,1962-JUN-367.70,1962-JUL-409.10,1962-AUG-420.60,1962-SEP-474.50,1962-OCT-259.80,1962-NOV-101.70,1962-DEC-384.90
1961,1963-JAN-79.90,1963-FEB-26.80,1963-MAR-7.40,1963-APR-69.50,1963-MAY-259.90,1963-JUN-434.70,1963-JUL-303.30,1963-AUG-601.20,1963-SEP-614.30,1963-OCT-295.50,1963-NOV-109.30,1963-DEC-179.90
1962,1964-JAN-65.50,1964-FEB-21.90,1964-MAR-3.10,1964-APR-18.10,1964-MAY-530.60,1964-JUN-465.30,1964-JUL-287.30,1964-AUG-472.10,1964-SEP-521.20,1964-OCT-218.90,1964-NOV-349.20,1964-DEC-101.60
1963,1965-JAN-11.80,1965-FEB-30.40,1965-MAR-25.30,1965-APR-51.00,1965-MAY-292.30,1965-JUN-408.80,1965-JUL-392.10,1965-AUG-396.60,1965-SEP-576.80,1965-OCT-290.50,1965-NOV-187.90,1965-DEC-500.40
1964,1966-JAN-79.80,1966-FEB-4.20,1966-MAR-12.00,1966-APR-38.70,1966-MAY-376.90,1966-JUN-148.80,1966-JUL-433.50,1966-AUG-335.60,1966-SEP-454.10,1966-OCT-171.90,1966-NOV-333.80,1966-DEC-311.90
1965,1967-JAN-164.60,1967-FEB-21.60,1967-MAR-30.00,1967-APR-63.40,1967-MAY-516.40,1967-JUN-340.80,1967-JUL-537.80,1967-AUG-614.30,1967-SEP-303.50,1967-OCT-427.50,1967-NOV-99.70,1967-DEC-97.00
1966,1968-JAN-22.10,1968-FEB-1.30,1968-MAR-4.20,1968-APR-81.50,1968-MAY-297.60,1968-JUN-545.20,1968-JUL-519.30,1968-AUG-242.00,1968-SEP-496.80,1968-OCT-281.60,1968-NOV-152.00,1968-DEC-119.20
1967,1969-JAN-106.30,1969-FEB-64.70,1969-MAR-14.60,1969-APR-20.80,1969-MAY-317.30,1969-JUN-422.80,1969-JUL-345.20,1969-AUG-281.40,1969-SEP-489.80,1969-OCT-146.80,1969-NOV-343.70,1969-DEC-65.80
1968,1970-JAN-72.20,1970-FEB-34.00,1970-MAR-7.80,1970-APR-58.20,1970-MAY-422.70,1970-JUN-407.30,1970-JUL-564.60,1970-AUG-342.90,1970-SEP-423.50,1970-OCT-386.60,1970-NOV-418.40,1970-DEC-232.70
1969,1971-JAN-41.50,1971-FEB-32.80,1971-MAR-37.70,1971-APR-35.30,1971-MAY-398.00,1971-JUN-394.60,1971-JUL-421.10,1971-AUG-327.90,1971-SEP-470.20,1971-OCT-505.30,1971-NOV-178.40,1971-DEC-155.90
1970,1972-JAN-13.70,1972-FEB-1.70,1972-MAR-7.50,1972-APR-178.30,1972-MAY-420.20,1972-JUN-470.00,1972-JUL-544.60,1972-AUG-384.90,1972-SEP-444.50,1972-OCT-263.80,1972-NOV-413.90,1972-DEC-180.00
1971,1973-JAN-18.10,1973-FEB-20.30,1973-MAR-30.50,1973-APR-29.60,1973-MAY-418.60,1973-JUN-488.60,1973-JUL-371.40,1973-AUG-370.30,1973-SEP-357.50,1973-OCT-247.20,1973-NOV-349.80,1973-DEC-289.10
1972,1974-JAN-22.20,1974-FEB-43.90,1974-MAR-17.20,1974-APR-301.40,1974-MAY-353.30,1974-JUN-343.80,1974-JUL-257.10,1974-AUG-456.20,1974-SEP-321.60,1974-OCT-398.40,1974-NOV-372.20,1974-DEC-74.80
1973,1975-JAN-276.90,1975-FEB-27.50,1975-MAR-8.00,1975-APR-24.20,1975-MAY-362.90,1975-JUN-706.30,1975-JUL-173.60,1975-AUG-357.40,1975-SEP-351.80,1975-OCT-373.60,1975-NOV-323.70,1975-DEC-99.70
1974,1976-JAN-20.90,1976-FEB-9.70,1976-MAR-0.60,1976-APR-161.60,1976-MAY-551.40,1976-JUN-441.40,1976-JUL-382.10,1976-AUG-487.70,1976-SEP-387.00,1976-OCT-166.80,1976-NOV-307.20,1976-DEC-359.60
1975,1977-JAN-79.70,1977-FEB-43.20,1977-MAR-6.10,1977-APR-6.90,1977-MAY-275.30,1977-JUN-339.30,1977-JUL-341.10,1977-AUG-345.50,1977-SEP-467.10,1977-OCT-263.60,1977-NOV-153.30,1977-DEC-67.10
1976,1978-JAN-109.60,1978-FEB-29.30,1978-MAR-18.90,1978-APR-63.40,1978-MAY-343.60,1978-JUN-462.20,1978-JUL-656.60,1978-AUG-346.30,1978-SEP-310.80,1978-OCT-243.70,1978-NOV-83.40,1978-DEC-44.60
1977,1979-JAN-35.50,1979-FEB-9.40,1979-MAR-3.90,1979-APR-64.80,1979-MAY-146.30,1979-JUN-282.80,1979-JUL-455.90,1979-AUG-173.60,1979-SEP-330.20,1979-OCT-163.50,1979-NOV-169.80,1979-DEC-13.60
1978,1980-JAN-5.50,1980-FEB-0.80,1980-MAR-9.20,1980-APR-38.80,1980-MAY-728.40,1980-JUN-604.20,1980-JUL-575.70,1980-AUG-494.40,1980-SEP-271.90,1980-OCT-252.00,1980-NOV-143.70,1980-DEC-500.70
1979,1981-JAN-11.10,1981-FEB-27.80,1981-MAR-1.70,1981-APR-94.10,1981-MAY-270.80,1981-JUN-600.60,1981-JUL-344.10,1981-AUG-510.70,1981-SEP-452.60,1981-OCT-242.10,1981-NOV-348.40,1981-DEC-170.70
1980,1982-JAN-8.80,1982-FEB-2.80,1982-MAR-6.60,1982-APR-97.50,1982-MAY-229.20,1982-JUN-448.70,1982-JUL-410.50,1982-AUG-347.60,1982-SEP-369.00,1982-OCT-164.50,1982-NOV-238.80,1982-DEC-60.50
1981,1983-JAN-22.10,1983-FEB-0.00,1983-MAR-3.10,1983-APR-9.10,1983-MAY-240.80,1983-JUN-424.30,1983-JUL-468.90,1983-AUG-493.80,1983-SEP-505.50,1983-OCT-275.80,1983-NOV-261.00,1983-DEC-88.10
1982,1984-JAN-69.40,1984-FEB-173.80,1984-MAR-26.30,1984-APR-156.60,1984-MAY-162.30,1984-JUN-424.90,1984-JUL-446.40,1984-AUG-125.80,1984-SEP-283.60,1984-OCT-347.10,1984-NOV-158.90,1984-DEC-445.20
1983,1985-JAN-12.00,1985-FEB-19.20,1985-MAR-24.10,1985-APR-55.00,1985-MAY-278.10,1985-JUN-588.40,1985-JUL-230.90,1985-AUG-375.20,1985-SEP-362.50,1985-OCT-358.90,1985-NOV-232.10,1985-DEC-94.40
1984,1986-JAN-14.80,1986-FEB-0.60,1986-MAR-1.50,1986-APR-8.20,1986-MAY-302.60,1986-JUN-312.20,1986-JUL-308.50,1986-AUG-444.00,1986-SEP-408.90,1986-OCT-176.10,1986-NOV-163.50,1986-DEC-47.00
1985,1987-JAN-72.40,1987-FEB-35.20,1987-MAR-20.40,1987-APR-17.70,1987-MAY-162.90,1987-JUN-343.70,1987-JUL-45.30,1987-AUG-666.50,1987-SEP-378.90,1987-OCT-373.40,1987-NOV-313.40,1987-DEC-334.10
1986,1988-JAN-10.20,1988-FEB-39.90,1988-MAR-28.00,1988-APR-82.70,1988-MAY-427.50,1988-JUN-357.40,1988-JUL-495.60,1988-AUG-354.20,1988-SEP-603.30,1988-OCT-271.40,1988-NOV-583.00,1988-DEC-69.90
1987,1989-JAN-56.00,1989-FEB-12.80,1989-MAR-68.10,1989-APR-42.60,1989-MAY-379.30,1989-JUN-414.90,1989-JUL-380.10,1989-AUG-413.20,1989-SEP-215.90,1989-OCT-291.80,1989-NOV-255.00,1989-DEC-4.00
1988,1990-JAN-13.40,1990-FEB-0.20,1990-MAR-24.60,1990-APR-87.50,1990-MAY-424.60,1990-JUN-291.00,1990-JUL-213.20,1990-AUG-293.30,1990-SEP-310.40,1990-OCT-133.60,1990-NOV-291.10,1990-DEC-100.30
1989,1991-JAN-14.10,1991-FEB-3.80,1991-MAR-28.00,1991-APR-132.90,1991-MAY-191.30,1991-JUN-165.70,1991-JUL-547.20,1991-AUG-486.50,1991-SEP-489.90,1991-OCT-287.60,1991-NOV-130.10,1991-DEC-58.50
1990,1992-JAN-75.90,1992-FEB-10.90,1992-MAR-0.00,1992-APR-5.10,1992-MAY-241.70,1992-JUN-392.00,1992-JUL-348.20,1992-AUG-372.30,1992-SEP-323.70,1992-OCT-257.30,1992-NOV-64.30,1992-DEC-7.20
1991,1993-JAN-14.90,1993-FEB-0.00,1993-MAR-129.90,1993-APR-43.70,1993-MAY-181.40,1993-JUN-257.10,1993-JUL-391.70,1993-AUG-226.70,1993-SEP-437.00,1993-OCT-299.30,1993-NOV-189.00,1993-DEC-66.70
1992,1994-JAN-7.20,1994-FEB-35.50,1994-MAR-129.40,1994-APR-154.60,1994-MAY-403.20,1994-JUN-386.30,1994-JUL-569.70,1994-AUG-460.50,1994-SEP-775.10,1994-OCT-137.50,1994-NOV-180.30,1994-DEC-23.80
1993,1995-JAN-51.80,1995-FEB-12.50,1995-MAR-12.10,1995-APR-21.10,1995-MAY-314.80,1995-JUN-450.40,1995-JUL-501.40,1995-AUG-555.80,1995-SEP-426.40,1995-OCT-294.70,1995-NOV-452.90,1995-DEC-21.60
1994,1996-JAN-52.20,1996-FEB-4.80,1996-MAR-3.40,1996-APR-122.70,1996-MAY-298.00,1996-JUN-559.20,1996-JUL-335.50,1996-AUG-328.00,1996-SEP-541.60,1996-OCT-318.50,1996-NOV-254.20,1996-DEC-178.80
1995,1997-JAN-9.50,1997-FEB-0.00,1997-MAR-0.20,1997-APR-15.60,1997-MAY-281.10,1997-JUN-199.50,1997-JUL-918.50,1997-AUG-430.60,1997-SEP-440.20,1997-OCT-128.70,1997-NOV-292.80,1997-DEC-38.40
1996,1998-JAN-0.90,1998-FEB-0.00,1998-MAR-0.00,1998-APR-0.00,1998-MAY-348.90,1998-JUN-600.00,1998-JUL-364.50,1998-AUG-258.90,1998-SEP-337.80,1998-OCT-618.60,1998-NOV-227.80,1998-DEC-89.00
1997,1999-JAN-46.80,1999-FEB-44.60,1999-MAR-14.20,1999-APR-270.60,1999-MAY-257.40,1999-JUN-295.00,1999-JUL-408.50,1999-AUG-329.20,1999-SEP-325.30,1999-OCT-437.50,1999-NOV-124.90,1999-DEC-145.70
1998,2000-JAN-53.00,2000-FEB-59.00,2000-MAR-171.30,2000-APR-218.10,2000-MAY-422.80,2000-JUN-357.00,2000-JUL-176.30,2000-AUG-460.80,2000-SEP-250.10,2000-OCT-321.20,2000-NOV-158.30,2000-DEC-115.20
1999,2001-JAN-89.00,2001-FEB-15.70,2001-MAR-143.30,2001-APR-30.10,2001-MAY-705.30,2001-JUN-370.70,2001-JUL-341.30,2001-AUG-469.00,2001-SEP-334.40,2001-OCT-267.60,2001-NOV-222.60,2001-DEC-91.80
2000,2002-JAN-10.60,2002-FEB-0.00,2002-MAR-11.50,2002-APR-100.20,2002-MAY-366.70,2002-JUN-358.30,2002-JUL-317.40,2002-AUG-429.80,2002-SEP-420.00,2002-OCT-169.00,2002-NOV-306.70,2002-DEC-129.90
2001,2003-JAN-44.30,2003-FEB-7.90,2003-MAR-149.20,2003-APR-19.40,2003-MAY-296.30,2003-JUN-159.90,2003-JUL-494.90,2003-AUG-379.40,2003-SEP-371.90,2003-OCT-310.40,2003-NOV-74.10,2003-DEC-48.00
2002,2004-JAN-54.50,2004-FEB-35.90,2004-MAR-36.50,2004-APR-41.60,2004-MAY-505.10,2004-JUN-423.90,2004-JUL-378.90,2004-AUG-308.70,2004-SEP-280.70,2004-OCT-223.90,2004-NOV-169.90,2004-DEC-0.40
2003,2005-JAN-0.00,2005-FEB-0.00,2005-MAR-20.30,2005-APR-51.10,2005-MAY-305.30,2005-JUN-452.40,2005-JUL-429.30,2005-AUG-311.10,2005-SEP-507.50,2005-OCT-293.50,2005-NOV-300.10,2005-DEC-283.90
2004,2006-JAN-16.30,2006-FEB-14.40,2006-MAR-48.90,2006-APR-163.70,2006-MAY-321.40,2006-JUN-366.00,2006-JUL-182.70,2006-AUG-219.60,2006-SEP-546.50,2006-OCT-374.70,2006-NOV-76.10,2006-DEC-74.40
2005,2007-JAN-4.90,2007-FEB-1.60,2007-MAR-5.00,2007-APR-54.60,2007-MAY-370.00,2007-JUN-378.30,2007-JUL-463.20,2007-AUG-465.30,2007-SEP-486.40,2007-OCT-209.40,2007-NOV-223.90,2007-DEC-85.60
2006,2008-JAN-9.90,2008-FEB-67.70,2008-MAR-115.80,2008-APR-216.10,2008-MAY-545.50,2008-JUN-457.80,2008-JUL-511.20,2008-AUG-482.10,2008-SEP-332.00,2008-OCT-243.70,2008-NOV-321.10,2008-DEC-72.00
2007,2009-JAN-24.50,2009-FEB-6.30,2009-MAR-44.20,2009-APR-136.50,2009-MAY-313.10,2009-JUN-633.50,2009-JUL-297.30,2009-AUG-351.50,2009-SEP-344.70,2009-OCT-272.80,2009-NOV-66.20,2009-DEC-48.00
2008,2010-JAN-101.70,2010-FEB-8.00,2010-MAR-0.70,2010-APR-12.50,2010-MAY-319.00,2010-JUN-448.90,2010-JUL-521.90,2010-AUG-563.80,2010-SEP-263.30,2010-OCT-402.40,2010-NOV-268.50,2010-DEC-246.40
2009,2011-JAN-265.90,2011-FEB-84.80,2011-MAR-272.80,2011-APR-111.40,2011-MAY-326.50,2011-JUN-383.20,2011-JUL-583.20,2011-AUG-441.50,2011-SEP-757.10,2011-OCT-212.30,2011-NOV-150.80,2011-DEC-238.50
2010,2012-JAN-119.90,2012-FEB-45.60,2012-MAR-30.90,2012-APR-55.80,2012-MAY-533.90,2012-JUN-458.20,2012-JUL-317.30,2012-AUG-369.60,2012-SEP-868.90,2012-OCT-209.70,2012-NOV-300.50,2012-DEC-187.30
2011,2013-JAN-67.10,2013-FEB-37.60,2013-MAR-43.00,2013-APR-46.30,2013-MAY-509.30,2013-JUN-777.00,2013-JUL-564.80,2013-AUG-336.70,2013-SEP-473.60,2013-OCT-455.80,2013-NOV-354.20,2013-DEC-92.30
2012,2014-JAN-41.90,2014-FEB-8.60,2014-MAR-0.00,2014-APR-11.10,2014-MAY-238.00,2014-JUN-416.60,2014-JUL-467.60,2014-AUG-321.60,2014-SEP-412.90,2014-OCT-402.60,2014-NOV-201.20,2014-DEC-100.40
2013,2015-JAN-126.80,2015-FEB-7.60,2015-MAR-3.10,2015-APR-138.20,2015-MAY-331.90,2015-JUN-346.40,2015-JUL-328.90,2015-AUG-480.00,2015-SEP-523.30,2015-OCT-252.10,2015-NOV-236.30,2015-DEC-129.90
